Name,Listing Date,Issue Price,Listing Price,LTP,Returns from issue price
Balaji Phosphates Ltd,07-Mar-25,70,75,74.35,6.21
Shreenath Paper Products Ltd,05-Mar-25,44,35.2,30.19,-31.39
Nukleus Office Solutions Ltd,04-Mar-25,234,187.2,190,-18.8
Beezaasan Explotech Ltd,03-Mar-25,175,146,170.4,-2.63
Swasth Foodtech India Ltd,28-Feb-25,94,94,80.6,-14.26
HP Telecom India Ltd,28-Feb-25,108,115.05,114.35,5.88
Quality Power Electrical Equipments Ltd,24-Feb-25,425,432.05,361.1,-15.04
Tejas Cargo India Ltd,24-Feb-25,168,175,168.05,0.03
Royal Arc Electrodes Ltd,24-Feb-25,120,120,120.8,0.67
L.K.Mehta Polymers Ltd,21-Feb-25,71,71.1,53.8,-24.23
Shanmuga Hospital Ltd,21-Feb-25,54,54,35.93,-33.46
Hexaware Technologies Ltd,19-Feb-25,708,731,781.75,10.42
P S Raj Steels Ltd,19-Feb-25,140,145,143.9,2.79
Maxvolt Energy Industries Ltd,19-Feb-25,180,180,174,-3.33
Voler Car Ltd,19-Feb-25,90,90,89.4,-0.67
Ajax Engineering Ltd,17-Feb-25,629,593,602.35,-4.24
Chandan Healthcare Ltd,17-Feb-25,159,165.1,172.55,8.52
Eleganz Interiors Ltd,14-Feb-25,130,122,114.95,-11.58
Solarium Green Energy Ltd,13-Feb-25,191,202,257,34.55
Amwill Health Care Ltd,12-Feb-25,111,88.85,82.99,-25.23
Ken Enterprises Ltd,12-Feb-25,94,85,45.65,-51.44
Chamunda Electrical Ltd,11-Feb-25,50,70,49.9,-0.2
Dr Agarwal`s Health Care Ltd,04-Feb-25,402,396.9,405.85,0.96
Malpani Pipes & Fittings Ltd,04-Feb-25,90,85.9,58.32,-35.2
GB Logistics Commerce Ltd,31-Jan-25,102,81.6,42.29,-58.54
H.M. Electro Mech Ltd,31-Jan-25,75,81,72.29,-3.61
CLN Energy Ltd,30-Jan-25,250,256,276,10.4
Denta Water & Infra Solutions Ltd,29-Jan-25,294,330,306.8,4.35
Rexpro Enterprises Ltd,29-Jan-25,145,117,100.05,-31
CapitalNumbers Infotech Ltd,27-Jan-25,263,274,205.4,-21.9
EMA Partners India Ltd,24-Jan-25,124,156.5,124.75,0.6
Stallion India Fluorochemicals Ltd,23-Jan-25,90,120,72.31,-19.66
Landmark Immigration Consultants Ltd,23-Jan-25,72,75,56.75,-21.18
Rikhav Securities Ltd,22-Jan-25,86,163.4,81.25,-5.52
Kabra Jewels Ltd,22-Jan-25,128,243.2,132.95,3.87
Laxmi Dental Ltd,20-Jan-25,428,528,434,1.4
Barflex Polyfilms Ltd,20-Jan-25,60,60,47.4,-21
Capital Infra Trust,17-Jan-25,99,99,92.9,-6.16
Sat Kartar Shopping Ltd,17-Jan-25,81,153.9,147.5,82.1
Avax Apparels and Ornaments Ltd,14-Jan-25,70,133,111,58.57
Delta Autocorp Ltd,14-Jan-25,130,175,80.25,-38.27
B.R.Goyal Infrastructure Ltd,14-Jan-25,135,135.75,120.65,-10.63
Quadrant Future Tek Ltd,14-Jan-25,290,374,519.75,79.22
Standard Glass Lining Technology Ltd,13-Jan-25,140,176,136.11,-2.78
Indobell Insulations Ltd,13-Jan-25,46,87.4,138,200
Fabtech Technologies Cleanrooms Ltd,10-Jan-25,85,161.5,299.55,252.41
Parmeshwar Metal Ltd,09-Jan-25,61,84.5,54.05,-11.39
Davin Sons Retail Ltd,09-Jan-25,55,44,24.8,-54.91
Leo Dryfruits & Spices Trading Ltd,08-Jan-25,52,68,52.5,0.96
Technichem Organics Ltd,07-Jan-25,55,57.25,47.7,-13.27
Indo Farm Equipment Ltd,07-Jan-25,215,258.4,188.91,-12.13
Citichem India Ltd,03-Jan-25,70,70,29.24,-58.23
Anya Polytech & Fertilizers Ltd,02-Jan-25,14,17.1,22.65,61.79
Unimech Aerospace and Manufacturing Ltd,31-Dec-24,785,1491,934.9,19.1
Carraro India Ltd,30-Dec-24,704,660,349.45,-50.36
Ventive Hospitality Ltd,30-Dec-24,643,718.15,705.5,9.72
Senores Pharmaceuticals Ltd,30-Dec-24,391,593.7,568.25,45.33
Sanathan Textiles Ltd,27-Dec-24,321,419.1,322.55,0.48
Newmalayalam Steel Ltd,27-Dec-24,90,90,34.9,-61.22
Transrail Lighting Ltd,27-Dec-24,432,585.15,532.8,23.33
Mamata Machinery Ltd,27-Dec-24,243,600,377.9,55.51
Dam Capital Advisors Ltd,27-Dec-24,283,392.9,223.5,-21.02
Concord Enviro Systems Ltd,27-Dec-24,701,832,504.8,-27.99
Identical Brains Studios Ltd,26-Dec-24,54,95,52.55,-2.69
Nacdac Infrastructure Ltd,24-Dec-24,35,66.5,51.67,47.63
Hamps Bio Limited,20-Dec-24,51,96.9,53,3.92
International Gemmological Institute (India) Ltd,20-Dec-24,417,504.85,328.9,-21.13
Yash Highvoltage Ltd,19-Dec-24,146,277.4,168,15.07
Inventurus Knowledge Solutions Ltd,19-Dec-24,1329,1856,1732.15,30.33
One Mobikwik Systems Ltd,18-Dec-24,279,442.25,284.95,2.13
Supreme Facility Management Ltd,18-Dec-24,76,75,37.15,-51.12
Purple United Sales Ltd,18-Dec-24,126,199,148,17.46
Vishal Mega Mart Ltd,18-Dec-24,78,110,104.57,34.06
Sai Life Sciences Ltd,18-Dec-24,549,660,684.75,24.73
Toss The Coin Ltd,17-Dec-24,182,345.8,380.2,108.9
Jungle Camps India Ltd,17-Dec-24,72,136.8,61.05,-15.21
Dhanlaxmi Crop Science Ltd,16-Dec-24,55,104.5,59.7,8.55
Emerald Tyre Manufacturers Ltd,12-Dec-24,95,180.5,126.45,33.11
Nisus Finance Services Co Ltd,11-Dec-24,180,225,375.6,108.67
Property Share Investment Trust- Propshare Platina,10-Dec-24,1050000,1050000,1028000,-2.1
Suraksha Diagnostic Ltd,06-Dec-24,441,437,279.55,-36.61
Ganesh Infraworld Ltd,06-Dec-24,83,157.7,145.65,75.48
Agarwal Toughened Glass India Ltd,05-Dec-24,108,135,97.2,-10
Apex Ecotech Ltd,04-Dec-24,73,138.7,103,41.1
Abha Power and Steel Ltd,04-Dec-24,75,81.9,31.7,-57.73
Rajputana Biodiesel Ltd,03-Dec-24,130,247,248.2,90.92
C2C Advanced Systems Ltd,03-Dec-24,226,429.4,291.7,29.07
Rajesh Power Services Ltd,02-Dec-24,335,636.5,873.5,160.75
Enviro Infra Engineers Ltd,29-Nov-24,148,218,208.23,40.7
Lamosaic India Ltd,29-Nov-24,200,164,49.9,-75.05
NTPC Green Energy Ltd,27-Nov-24,108,111.6,97.24,-9.96
Zinka Logistics Solutions Ltd,22-Nov-24,273,279.05,419.3,53.59
Onyx Biotec Ltd,22-Nov-24,61,54.05,57,-6.56
Mangal Compusolution Ltd,21-Nov-24,45,45,40,-11.11
Neelam Linens and Garments (India) Ltd,18-Nov-24,24,40.05,33.3,38.75
Niva Bupa Health Insurance Company Ltd,14-Nov-24,74,78.5,72.3,-2.3
ACME Solar Holdings Ltd,13-Nov-24,289,259,208.3,-27.92
Swiggy Ltd,13-Nov-24,390,412,360.95,-7.45
Sagility India Ltd,12-Nov-24,30,31.06,43.95,46.5
Afcons Infrastructure Ltd,04-Nov-24,463,430.05,450.7,-2.66
Usha Financial Services Ltd,31-Oct-24,168,164,78.1,-53.51
Godavari Biorefineries Ltd,30-Oct-24,352,310.55,167.45,-52.43
OBSC Perfection Ltd,29-Oct-24,100,110,167,67
United Heat Transfer Ltd,29-Oct-24,59,60.95,60.75,2.97
Danish Power Ltd,29-Oct-24,380,570,793.7,108.87
Waaree Energies Ltd,28-Oct-24,1503,2550,2226.1,48.11
Premium Plast Ltd,28-Oct-24,49,51.45,39.25,-19.9
Deepak Builders & Engineers India Ltd,28-Oct-24,203,198.5,146.18,-27.99
Freshara Agro Exports Ltd,24-Oct-24,116,135,140.3,20.95
Lakshya Powertech Ltd,23-Oct-24,180,342,187.1,3.94
Hyundai Motor India Ltd,22-Oct-24,1960,1931,1715.4,-12.48
Pranik Logistics Ltd,17-Oct-24,77,79,74.8,-2.86
Shiv Texchem Ltd,15-Oct-24,166,239,241,45.18
Garuda Construction and Engineering Ltd,15-Oct-24,95,103.2,107.76,13.43
Khyati Global Ventures Ltd,11-Oct-24,99,105,57,-42.42
Neopolitan Pizza and Foods Ltd,09-Oct-24,20,19.25,16.13,-19.35
Subam Papers Ltd,08-Oct-24,152,142,104.3,-31.38
Paramount Dye Tec Ltd,08-Oct-24,117,109.9,63.7,-45.56
HVAX Technologies Ltd,07-Oct-24,458,486,640,39.74
Saj Hotels Ltd,07-Oct-24,65,55,71.5,10
Nexxus Petro Industries Ltd,04-Oct-24,105,126,121,15.24
Sahasra Electronic Solutions Ltd,04-Oct-24,283,537.7,342.45,21.01
Divyadhan Recycling Industries Ltd,04-Oct-24,64,84,42,-34.38
Forge Auto International Ltd,04-Oct-24,108,113,75,-30.56
Diffusion Engineers Ltd,04-Oct-24,168,188,293.29,74.58
KRN Heat Exchanger and Refrigeration Ltd,03-Oct-24,220,470,934.9,324.95
Thinking Hats Entertainment Solutions Ltd,03-Oct-24,44,60,31.5,-28.41
Techera Engineering India Ltd,03-Oct-24,82,125,139.1,69.63
Unilex Colour & Chemical Ltd,03-Oct-24,87,89,60.2,-30.8
Manba Finance Ltd,30-Sep-24,120,150,139.46,16.22
Rappid Valves India Ltd,30-Sep-24,222,312,255.1,14.91
WOL 3D India Ltd,30-Sep-24,150,180.05,106,-29.33
Bikewo Green Tech Ltd,27-Sep-24,62,45,18.25,-70.56
Avi Ansh Textile Ltd,27-Sep-24,62,68,97,56.45
S D Retail Ltd,27-Sep-24,131,145,100.95,-22.94
Phoenix Overseas Ltd,27-Sep-24,64,64,21.9,-65.78
Kalana Ispat Ltd,26-Sep-24,66,45.15,43.4,-34.24
Paramount Speciality Forgings Ltd,25-Sep-24,59,83,56,-5.08
Western Carriers (India) Ltd,24-Sep-24,172,170,85.9,-50.06
Pelatro Ltd,24-Sep-24,200,275,343,71.5
OSEL Devices Ltd,24-Sep-24,160,198.05,226.6,41.63
Deccan Transcon Leasing Ltd,24-Sep-24,108,116,57.15,-47.08
Envirotech Systems Ltd,24-Sep-24,56,106.4,105.5,88.39
Northern ARC Capital Ltd,24-Sep-24,263,351,173.2,-34.14
Popular Foundations Ltd,24-Sep-24,37,37,27.8,-24.86
Arkade Developers Ltd,24-Sep-24,128,175.9,143.09,11.79
Sodhani Academy of Fintech Enablers Ltd,23-Sep-24,40,53,216.2,440.5
Excellent Wires and Packaging Ltd,19-Sep-24,90,85,54,-40
Innomet Advanced Materials Ltd,18-Sep-24,100,190,144,44
P N Gadgil Jewellers Ltd,17-Sep-24,480,834,538.45,12.18
SPP Polymer Ltd,17-Sep-24,59,63,22,-62.71
Bajaj Housing Finance Ltd,16-Sep-24,70,150,116.38,66.26
Tolins Tyres Ltd,16-Sep-24,226,227,126.75,-43.92
Innova Captab Ltd,29-Dec-23,448,456.1,766.05,70.99
Supreme Power Equipment Ltd,29-Dec-23,65,98,115.7,78
Indifra Ltd,29-Dec-23,65,72,14.75,-77.31
Trident Techlabs Ltd,29-Dec-23,35,98.15,889.2,2440.57
Azad Engineering Ltd,28-Dec-23,524,710,1330.85,153.98
Happy Forgings Ltd,27-Dec-23,850,1001.25,810,-4.71
Electro Force (India) Ltd,27-Dec-23,93,100,40,-56.99
RBZ Jewellers Ltd,27-Dec-23,100,100,148.27,48.27
Credo Brands Marketing Ltd,27-Dec-23,280,282,131.01,-53.21
Shanti Spintex Ltd,27-Dec-23,70,76,60,-14.29
Sahara Maritime Ltd,26-Dec-23,81,81,46.9,-42.1
Muthoot Microfin Ltd,26-Dec-23,291,278,132.95,-54.31
Suraj Estate Developers Ltd,26-Dec-23,360,343.8,333.95,-7.24
Motisons Jewellers Ltd,26-Dec-23,55,103.9,18.19,-66.93
Inox India Ltd,21-Dec-23,660,933.15,1001.4,51.73
Shree OSFM E-Mobility Ltd,21-Dec-23,65,65,96.85,49
Siyaram Recycling Industries Ltd,21-Dec-23,46,55,129.15,180.76
Benchmark Computer Solutions Ltd,21-Dec-23,66,80,35.3,-46.52
India Shelter Finance Corporation Ltd,20-Dec-23,493,612.7,752.35,52.61
Doms Industries Ltd,20-Dec-23,790,1400,2709.8,243.01
S J Logistics (India) Ltd,19-Dec-23,125,175,549.8,339.84
Presstonic Engineering Ltd,18-Dec-23,72,140,91.75,27.43
Accent Microcell Ltd,15-Dec-23,140,300,217.9,55.64
Graphisads Ltd,13-Dec-23,111,111.5,55.75,-49.77
Sheetal Universal Ltd,11-Dec-23,70,75,77.3,10.43
Marinetrans India Ltd,08-Dec-23,26,30,17.8,-31.54
Net Avenue Technologies Ltd,08-Dec-23,18,42,6.9,-61.67
Amic Forging Ltd,06-Dec-23,126,239.4,1107,778.57
Deepak Chemtex Ltd,06-Dec-23,80,152,105,31.25
Swashthik Plascon Ltd,05-Dec-23,86,120.1,60.62,-29.51
Flair Writing Industries Ltd,01-Dec-23,304,503,221.38,-27.18
Tata Technologies Ltd,30-Nov-23,500,1199.95,671.55,34.31
Rockingdeals Circular Economy Ltd,30-Nov-23,140,300,466.8,233.43
Gandhar Oil Refinery (India) Ltd,30-Nov-23,169,295.4,148.92,-11.88
Fedbank Financial Services Ltd,30-Nov-23,140,137.75,91.45,-34.68
Indian Renewable Energy Development Agency Ltd,29-Nov-23,32,50,149.59,367.47
Arrowhead Seperation Engineering Ltd,28-Nov-23,233,250,93.75,-59.76
Sunrest Lifescience Ltd,20-Nov-23,84,84,60,-28.57
Kalyani Cast-Tech Ltd,17-Nov-23,139,264.1,420,202.16
ROX Hi-Tech Ltd,16-Nov-23,83,135,59.3,-28.55
ASK Automotive Ltd,15-Nov-23,282,304.9,413.6,46.67
Baba Food Processing India Ltd,15-Nov-23,76,76,48.25,-36.51
Protean eGov Technologies Ltd,13-Nov-23,792,792,1395.1,76.15
ESAF Small Finance Bank Ltd,10-Nov-23,60,71.9,30.3,-49.5
Micropro Software Solutions Ltd,10-Nov-23,81,80,27.85,-65.62
Mish Designs Ltd,07-Nov-23,122,160,92,-24.59
Maitreya Medicare Ltd,07-Nov-23,82,162.55,246.1,200.12
Honasa Consumer Ltd,07-Nov-23,324,324,223.87,-30.9
KK Shah Hospitals Ltd,06-Nov-23,45,56.1,42.4,-5.78
Transteel Seating Technologies Ltd,06-Nov-23,70,88.9,101.5,45
Cello World Ltd,06-Nov-23,648,831,550.35,-15.07
Vrundavan Plantation Ltd,06-Nov-23,108,107,54.4,-49.63
Shanthala FMCG Products Ltd,03-Nov-23,91,108,22.55,-75.22
Paragon Fine and Speciality Chemical Ltd,03-Nov-23,100,225,74.3,-25.7
Blue Jet Healthcare Ltd,01-Nov-23,346,359.9,837.4,142.02
On Door Concepts Ltd,01-Nov-23,208,214,152.95,-26.47
Rajgor Castor Derivatives Ltd,31-Oct-23,50,59,21.25,-57.5
Womancart Ltd,27-Oct-23,86,117,346,302.33
IRM Energy Ltd,26-Oct-23,505,479,263.55,-47.81
Arvind Port & Infra Ltd,25-Oct-23,45,80,56.2,24.89
Committed Cargo Care Ltd,18-Oct-23,77,82,204.7,165.84
Plada Infotech Services Ltd,13-Oct-23,48,59,22,-54.17
Vivaa Tradecom Ltd,12-Oct-23,51,40.8,49,-3.92
Karnika Industries Ltd,12-Oct-23,76,81,613.95,707.83
Sharp Chucks and Machines Ltd,12-Oct-23,58,66,108.85,87.67
Plaza Wires Ltd,12-Oct-23,54,84,59.72,10.59
Sunita Tools Ltd,11-Oct-23,145,155,784,440.69
Canarys Automations Ltd,11-Oct-23,31,43.45,30.05,-3.06
Goyal Salt Ltd,11-Oct-23,38,130,162,326.32
OneClick Logistics India Ltd,11-Oct-23,99,140,159.35,60.96
City Crops Agro Ltd,10-Oct-23,25,25.5,20.05,-19.8
Kontor Space Ltd,10-Oct-23,93,122,80.9,-13.01
Vishnusurya Projects and Infra Ltd,10-Oct-23,68,73,205,201.47
Arabian Petroleum Ltd,09-Oct-23,70,77.4,69.45,-0.79
E Factor Experiences Ltd,09-Oct-23,75,115,167.65,123.53
Valiant Laboratories Ltd,06-Oct-23,140,161,86.48,-38.23
Vinyas Innovative Technologies Ltd,06-Oct-23,165,330,737.6,347.03
Organic Recycling Systems Ltd,06-Oct-23,200,215,273,36.5
Inspire Films Ltd,05-Oct-23,59,67,22.4,-62.03
Updater Services Ltd,04-Oct-23,300,299.9,285.1,-4.97
Mangalam Alloys Ltd,04-Oct-23,80,80,36.1,-54.88
Digikore Studios Ltd,04-Oct-23,171,270,219.25,28.22
JSW Infrastructure Ltd,03-Oct-23,119,143,269.9,126.81
Saakshi Medtech & Panels Ltd,03-Oct-23,97,146,152.35,57.06
Manoj Vaibhav Gems `N` Jewellers Ltd,03-Oct-23,215,215,217.44,1.13
Master Components Ltd,29-Sep-23,140,140.4,278.25,98.75
Yatra Online Ltd,28-Sep-23,142,130,71.56,-49.61
Cellecor Gadgets Ltd,28-Sep-23,92,92,62.45,-32.12
Hi-Green Carbon Ltd,28-Sep-23,75,77,220.05,193.4
Marco Cables & Conductors Ltd,28-Sep-23,36,38.7,43.45,20.69
SignatureGlobal India Ltd,27-Sep-23,385,445,1062.2,175.9
Kody Technolab Ltd,27-Sep-23,160,170,975,509.38
Sai Silks (Kalamandir) Ltd,27-Sep-23,222,230.1,145.02,-34.68
Techknowgreen Solutions Ltd,27-Sep-23,86,87,173.25,101.45
Madhusudan Masala Ltd,26-Sep-23,70,120,171.05,144.36
Kundan Edifice Ltd,26-Sep-23,91,75,122.85,35
Chavda Infra Ltd,25-Sep-23,65,91,145.85,124.38
Holmarc Opto-Mechatronics Ltd,25-Sep-23,40,65.25,155.9,289.75
Zaggle Prepaid Ocean Services Ltd,22-Sep-23,164,162,367.85,124.3
Samhi Hotels Ltd,22-Sep-23,126,130.55,149.88,18.95
Elin Electronics Ltd,30-Dec-22,247,243,118.25,-52.13
Moxsh Overseas Educon Ltd,30-Dec-22,153,131,29,-81.05
KFin Technologies Ltd,29-Dec-22,366,369,929.55,153.98
Uma Converter Ltd,29-Dec-22,33,34.25,30,-9.09
Arihant Academy Ltd,29-Dec-22,90,120.1,234.45,160.5
Dollex Agrotech Ltd,28-Dec-22,35,30,36.5,4.29
Abans Holdings Ltd,23-Dec-22,270,270,200.24,-25.84
Landmark Cars Ltd,23-Dec-22,506,471.3,461.15,-8.86
Droneacharya Aerial Innovations Ltd,23-Dec-22,54,102,75.3,39.44
Sula Vineyards Ltd,22-Dec-22,357,358,269.55,-24.5
All E Technologies Ltd,21-Dec-22,90,125,401.75,346.39
PNGS Gargi Fashion Jewellery Ltd,20-Dec-22,30,57,1049.45,3398.17
Arham Technologies Ltd,15-Dec-22,42,60,93.95,123.69
Uniparts India Ltd,12-Dec-22,577,575,335.45,-41.86
Dharmaj Crop Guard Ltd,08-Dec-22,237,266,197.16,-16.81
Pritika Engineering Components Ltd,08-Dec-22,29,42.2,86.7,198.97
Baheti Recycling Industries Ltd,08-Dec-22,45,120,425.2,844.89
Ambo Agritec Ltd,02-Dec-22,30,40.1,74.55,148.5
Keystone Realtors Ltd,24-Nov-22,541,555,539.95,-0.19
Inox Green Energy Services Ltd,23-Nov-22,65,60.5,129.25,98.85
Kaynes Technology India Ltd,22-Nov-22,587,775,4457.05,659.29
Archean Chemical Industries Ltd,21-Nov-22,407,449,531.7,30.64
Five-Star Business Finance Ltd,21-Nov-22,474,449.95,688.45,45.24
Technopack Polymers Ltd,16-Nov-22,55,74,26.49,-51.84
Amiable Logistics India Ltd,16-Nov-22,81,129.95,80.1,-1.11
Global Health Ltd,16-Nov-22,336,398.15,1226.2,264.94
Bikaji Foods International Ltd,16-Nov-22,300,321.15,670.15,123.38
Fusion Finance Ltd,15-Nov-22,368,360.5,162.43,-55.86
DAPS Advertising Ltd,14-Nov-22,30,57,18,-40
Vital Chemtech Ltd,14-Nov-22,101,164,70.05,-30.64
DCX Systems Ltd,11-Nov-22,207,286.25,246.83,19.24
Rite Zone Chemcon India Ltd,11-Nov-22,75,82.85,28.95,-61.4
Integrated Personnel Services Ltd,11-Nov-22,59,66.5,270,357.63
Phantom Digital Effects Ltd,21-Oct-22,95,300,237.15,149.63
Pace E-Commerce Ventures Ltd,20-Oct-22,103,104.5,26.5,-74.27
Tracxn Technologies Ltd,20-Oct-22,80,83,54.37,-32.04
Electronics Mart India Ltd,17-Oct-22,59,89.4,132.03,123.78
Maagh Advertising & Marketing Services Ltd,13-Oct-22,60,62.3,27.2,-54.67
Frog Cellsat Ltd,13-Oct-22,102,177,317.6,211.37
Vedant Asset Ltd,12-Oct-22,40,65,59.85,49.63
Swastik Pipe Ltd,12-Oct-22,100,66,46.95,-53.05
QMS Medical Allied Services Ltd,11-Oct-22,121,128,103,-14.88
Lloyds Luxuries Ltd,11-Oct-22,40,45.15,84.5,111.25
Concord Control Systems Ltd,10-Oct-22,55,109.95,1110.05,1918.27
Cyber Media Research & Services Ltd,10-Oct-22,180,245.25,75.6,-58
Steelman Telecom Ltd,10-Oct-22,96,161,134,39.58
Cargosol Logistics Ltd,10-Oct-22,28,42.4,19,-32.14
Insolation Energy Ltd,10-Oct-22,38,76.1,284,647.37
Cargotrans Maritime Ltd,10-Oct-22,45,70,81,80
Trident Lifeline Ltd,10-Oct-22,101,105,263.65,161.04
Silicon Rental Solutions Ltd,10-Oct-22,78,80,221.9,184.49
Reetech International Cargo & Courier Ltd,10-Oct-22,105,82,30.9,-70.57
Mafia Trends Ltd,06-Oct-22,28,32.65,15.49,-44.68
Containe Technologies Ltd,30-Sep-22,15,22,64.39,329.27
Kandarp Digi Smart BPO Ltd,28-Sep-22,30,30,77.65,158.83
Annapurna Swadisht Ltd,27-Sep-22,70,120,274.1,291.57
Harsha Engineers International Ltd,26-Sep-22,330,444,409.5,24.09
Tapi Fruit Processing Ltd,22-Sep-22,48,52.1,89.4,86.25
Ishan International Ltd,22-Sep-22,80,82,1.3,-98.38
Sabar Flex India Ltd,21-Sep-22,11,21,7.2,-34.55
Shantidoot Infra Services Ltd,19-Sep-22,81,105,305,276.54
Mega Flex Plastics Ltd,19-Sep-22,40,54,54.55,36.38
Viviana Power Tech Ltd,16-Sep-22,55,90,728.55,1224.64
Virtuoso Optoelectronics Ltd,15-Sep-22,56,117,599,969.64
Tamilnad Mercantile Bank Ltd,15-Sep-22,510,510,417.7,-18.1
EP Biocomposites Ltd,13-Sep-22,126,160.25,126.75,0.6
Ameya Precision Engineers Ltd,08-Sep-22,34,68.4,100,194.12
Jay Jalaram Technologies Ltd,08-Sep-22,36,50,211.1,486.39
JFL Life Sciences Ltd,08-Sep-22,61,70,19.45,-68.11
Dreamfolks Services Ltd,06-Sep-22,326,505,252.3,-22.61
Rhetan TMT Ltd,05-Sep-22,70,70,14.64,-79.09
Naturo Indiabull Ltd,02-Sep-22,30,25,3.26,-89.13
Olatech Solutions Ltd,29-Aug-22,27,51.3,263.45,875.74
Syrma SGS Technology Ltd,26-Aug-22,220,262,449.55,104.34
Veekayem Fashion & Apparels Ltd,22-Aug-22,28,49.9,227.9,713.93
Upsurge Seeds of Agriculture Ltd,11-Aug-22,120,140,176.4,47
Agni Green Power Ltd.,01-Aug-22,10,25,21.25,112.5
Healthy Life Agritec Ltd,26-Jul-22,10,8.9,59.2,492
Veerkrupa Jewellers Ltd,18-Jul-22,27,27,1.2,-95.56
Jayant Infratech Ltd,13-Jul-22,67,76,70,4.48
SKP Bearing Industries Ltd,13-Jul-22,70,73,215,207.14
B-Right RealEstate Ltd,13-Jul-22,153,155,345,125.49
Kesar India Ltd,12-Jul-22,170,172.5,531.45,212.62
Mangalam Worldwide Ltd,11-Jul-22,101,102,153,51.49
Sailani Tours N Travels Ltd,08-Jul-22,15,15.5,13.55,-9.67
KCK Industries Ltd,08-Jul-22,30,25,47.5,58.33
Pearl Green Clubs and Resorts Ltd,07-Jul-22,186,189.05,111.6,-40
Modi`s Navnirman Ltd,06-Jul-22,180,189,233,29.44
Goel Food Products Ltd,28-Jun-22,72,75,13.92,-80.67
Scarnose International Ltd,27-Jun-22,55,55.5,90.25,64.09
Silver Pearl Hospitality & Luxury Spaces Ltd,17-Jun-22,18,16,7.56,-58
Fidel Softech Ltd,10-Jun-22,37,59.1,135.95,267.43
Rachana Infrastructure Ltd,10-Jun-22,135,138,34.5,-74.44
Aether Industries Ltd,03-Jun-22,642,706.15,912.7,42.17
eMudhra Ltd,01-Jun-22,256,271,836.85,226.89
Ethos Ltd,30-May-22,878,830,2628.6,199.38
Paradeep Phosphates Ltd,27-May-22,42,43.55,94.72,125.52
Venus Pipes & Tubes Ltd,24-May-22,326,335,1495.9,358.87
Delhivery Ltd,24-May-22,487,493,255.45,-47.55
Prudent Corporate Advisory Services Ltd,20-May-22,630,660,1973.85,213.31
CMS Info Systems Ltd,31-Dec-21,216,218.5,452.75,109.61
Brandbucket Media & Technology Ltd,31-Dec-21,55,55.25,6.33,-88.49
Wherrelz IT Solutions Ltd,29-Dec-21,171,173.05,237.5,38.89
Supriya Lifescience Ltd,28-Dec-21,274,425,644,135.04
HP Adhesives Ltd,27-Dec-21,274,319,51.36,-81.26
Data Patterns (India) Ltd,24-Dec-21,585,864,1628.25,178.33
Euro Panel Products Ltd,24-Dec-21,70,70,153,118.57
Medplus Health Services Ltd,23-Dec-21,796,1015,708.75,-10.96
Nupur Recyclers Ltd,23-Dec-21,60,74,65.91,9.85
Metro Brands Ltd,22-Dec-21,500,436,1120.85,124.17
C.E. Info Systems Ltd,21-Dec-21,1033,1581,1645.55,59.3
Shriram Properties Ltd,20-Dec-21,118,94,73.36,-37.83
Rategain Travel Technologies Ltd,17-Dec-21,425,364.8,506.35,19.14
Anand Rathi Wealth Ltd,14-Dec-21,550,602.05,1865,239.09
Tega Industries Ltd,13-Dec-21,453,753,1358.7,199.93
Star Health & Allied Insurance Company Ltd,10-Dec-21,900,848.8,366.55,-59.27
Go Fashion (India) Ltd,30-Nov-21,690,1316,714.75,3.59
Omnipotent Industries Ltd,29-Nov-21,63,99,7.71,-87.76
Tarsons Products Ltd,26-Nov-21,662,700,319.4,-51.75
Latent View Analytics Ltd,23-Nov-21,197,530,385.15,95.51
One 97 Communications Ltd,18-Nov-21,2150,1955,684.85,-68.15
Sapphire Foods India Ltd,18-Nov-21,1180,1311,337.75,-71.38
Suyog Gurbaxani Funicular Ropeways Ltd,16-Nov-21,45,45.45,163.8,264
PB Fintech Ltd,15-Nov-21,980,1150,1397.8,42.63
S J S Enterprises Ltd,15-Nov-21,542,540,925.95,70.84
Sigachi Industries Ltd,15-Nov-21,163,575,40.51,-75.15
Fino Payments Bank Ltd,12-Nov-21,577,548,218.91,-62.06
Nidan Laboratories & Healthcare Ltd,12-Nov-21,125,123.9,21.65,-82.68
FSN E-Commerce Ventures Ltd,10-Nov-21,1125,2001,164.79,-85.35
Kotyark Industries Ltd,02-Nov-21,51,51,517.45,914.61
D.K. Enterprises Global Ltd,22-Oct-21,40,42,64.25,60.63
AFLOAT Enterprises Ltd,13-Oct-21,11,12,16.53,50.27
Dynamic Services & Security Ltd,13-Oct-21,51,53,159,211.76
CWD Ltd,13-Oct-21,180,180.9,931.05,417.25
Promax Power Ltd,12-Oct-21,10,11,34.09,240.9
Bombay Metrics Supply Chain Ltd,12-Oct-21,93,98.3,51.8,-44.3
Aditya Birla Sun Life AMC Ltd,11-Oct-21,712,712,619.55,-12.98
Shri Venkatesh Refineries Ltd,11-Oct-21,40,42,212.1,430.25
Getalong Enterprise Ltd,08-Oct-21,69,73.05,23.16,-66.43
Jainam Ferro Alloys (I) Ltd,08-Oct-21,70,73,220,214.29
Paras Defence and Space Technologies Ltd,01-Oct-21,175,475,965.55,451.74
Quadpro ITeS Ltd,30-Sep-21,20,19.8,3.15,-84.25
SBL Infratech Ltd,28-Sep-21,111,130,47.8,-56.94
Prevest Denpro Ltd,27-Sep-21,84,180.55,430,411.9
Sansera Engineering Ltd,24-Sep-21,744,811.35,1158.8,55.75
Platinumone Business Services Ltd,16-Sep-21,92,99.95,130,41.3
BEW Engineering Ltd,16-Sep-21,58,127.6,150.25,159.05
Naapbooks Ltd,15-Sep-21,74,77,105,41.89
Ami Organics Ltd,14-Sep-21,610,902,2457.6,302.89
Vijaya Diagnostic Centre Ltd,14-Sep-21,531,542.3,1053.65,98.43
Aashka Hospitals Ltd,01-Sep-21,121,121.1,104.68,-13.49
Aptus Value Housing Finance India Ltd,24-Aug-21,353,329.95,303.3,-14.08
Chemplast Sanmar Ltd,24-Aug-21,541,525,446.15,-17.53
Nuvoco Vistas Corporation Ltd,23-Aug-21,570,471,317.9,-44.23
Cartrade Tech Ltd,20-Aug-21,1618,1600,1548.8,-4.28
Exxaro Tiles Ltd,16-Aug-21,120,126,7.52,-93.73
Devyani International Ltd,16-Aug-21,90,141,168.88,87.64
Windlas Biotech Ltd,16-Aug-21,460,439,924.05,100.88
Krsnaa Diagnostics Ltd,16-Aug-21,954,1025,738.55,-22.58
Network People Services Technologies Ltd,10-Aug-21,80,83.95,1656.4,1970.5
Rex Pipes & Cables Industries Ltd,10-Aug-21,26,26.7,72.1,177.31
Rolex Rings Ltd,09-Aug-21,900,1249,1425.7,58.41
Alivus Life Sciences Ltd,06-Aug-21,720,751.1,1078.95,49.85
Tatva Chintan Pharma Chem Ltd,29-Jul-21,1083,2111.8,710.55,-34.39
Zomato Ltd,23-Jul-21,76,115,216.83,185.3
G R Infraprojects Ltd,19-Jul-21,837,1700,1035.25,23.69
Clean Science & Technology Ltd,19-Jul-21,900,1784.4,1271.05,41.23
Focus Business Solution Ltd,13-Jul-21,19,29.35,83.82,341.16
Walpar Nutritions Ltd,13-Jul-21,55,59.95,46.05,-16.27
India Pesticides Ltd,05-Jul-21,296,360,142.93,-51.71
Times Green Energy India Ltd,30-Jun-21,61,61.4,84.77,38.97
Adeshwar Meditex Ltd,28-Jun-21,25,25.25,16.51,-33.96
Krishna Institute of Medical Sciences Ltd,28-Jun-21,825,1008.9,512.5,-37.88
Dodla Dairy Ltd,28-Jun-21,428,528,1114,160.28
Navoday Enterprises Ltd,25-Jun-21,20,19.5,5.65,-71.75
Sona BLW Precision Forgings Ltd,24-Jun-21,291,302.4,517.6,77.87
Shyam Metalics & Energy Ltd,24-Jun-21,306,367,824.2,169.35
Abhishek Integrations Ltd,21-Jun-21,50,40,60.9,21.8
Powergrid Infrastructure Investment Trust,14-May-21,100,104,75.67,-24.33
Kuberan Global Edu Solutions Ltd,05-May-21,20,21,31.88,59.4
Macrotech Developers Ltd,19-Apr-21,486,439,1113,129.01
Jetmall Spices and Masala Ltd,19-Apr-21,20,20.5,9.01,-54.95
Rajeshwari Cans Ltd,15-Apr-21,20,20.75,290.9,1354.5
V-Marc India Ltd,09-Apr-21,39,46.5,266.55,583.46
Barbeque-Nation Hospitality Ltd,07-Apr-21,500,492,309.3,-38.14
Siddhika Coatings Ltd,07-Apr-21,57,55,160.55,181.67
EKI Energy Services Ltd,07-Apr-21,102,140,124.05,21.62
Niks Technology Ltd,31-Mar-21,201,202.1,489.65,143.61
Nazara Technologies Ltd,30-Mar-21,1101,1971,935.1,-15.07
Suryoday Small Finance Bank Ltd,26-Mar-21,305,293,115.97,-61.98
Kalyan Jewellers India Ltd,26-Mar-21,87,73.9,431.7,396.21
Craftsman Automation Ltd,25-Mar-21,1490,1350,5000.65,235.61
Laxmi Organic Industries Ltd,25-Mar-21,130,156.2,187.13,43.95
Anupam Rasayan India Ltd,24-Mar-21,555,534.7,781.45,40.8
Knowledge Marine & Engineering Works Ltd,22-Mar-21,37,38,1666.4,4403.78
Suumaya Corporation Ltd,22-Mar-21,207,211,2.36,-98.86
Easy Trip Planners Ltd,19-Mar-21,187,206,12.5,-93.32
MTAR Technologies Ltd,15-Mar-21,575,1063.9,1380.05,140.01
Adjia Technologies Ltd,15-Mar-21,74,74.5,45.1,-39.05
Pavna Industries Ltd,09-Mar-21,165,165.6,355.85,115.67
